CalendarEventID,EventType,Description,StartDate,EndDate,AlternateDate,TeachingImpact,Active,CreatedDate,CreatedByAccountID,CreatedByAccountName,ModifiedByAccountID,ModifiedByAccountName,ModifiedDate
ACEVT-73016f82-21e6-4732-bc9d-0ceb884f533e,ISLAMIC_DAY,Laylatul-Bara'ah (Eve),2025-02-13,2025-02-13,2025-02-12,INFORMATION,TRUE,,,,,,
ACEVT-08bb6c87-2a47-4100-adf6-818d3f97ab38,ISLAMIC_DAY,First Taraweeh,2025-03-01,2025-03-01,2025-02-28,INFORMATION,TRUE,,,,,,
ACEVT-d3c09632-7e16-44c9-b24a-dd6d2941ad27,ISLAMIC_DAY,First Fast,2025-03-02,2025-03-02,2025-03-01,INFORMATION,TRUE,,,,,,
ACEVT-42d6238c-e803-4aa5-a32f-0f1eb0d03e05,ISLAMIC_DAY,Eid-ul-Fitr,2025-03-31,2025-03-31,2025-04-01,INFORMATION,TRUE,,,,,,
ACEVT-28cd080f-12f5-434d-b061-6d97fe65e083,ISLAMIC_DAY,Eid-ul-Adha,2025-06-07,2025-06-07,2025-06-08,INFORMATION,TRUE,,,,,,
ACEVT-9c387d78-22a6-4ca6-99bb-0c7f7e1a46cb,ISLAMIC_DAY,New Islamic Year,2025-06-27,2025-06-27,2025-06-28,INFORMATION,TRUE,,,,,,
ACEVT-a11c575b-778e-4fd7-a092-bc98f4757915,ISLAMIC_DAY,‘Aashuraa,2025-07-06,2025-07-06,2025-07-07,INFORMATION,TRUE,,,,,,
ACEVT-65e38032-c866-4fc7-b9b6-2c11117e3da2,ISLAMIC_DAY,Laylatul-Bara'ah (Eve),2026-02-03,2026-02-03,2026-02-02,INFORMATION,TRUE,,,,,,
ACEVT-3c8150df-1a4d-4c1e-b394-fa1f05987330,ISLAMIC_DAY,First Taraweeh,2026-02-18,2026-02-18,2026-02-19,INFORMATION,TRUE,,,,,,
ACEVT-a535fc94-cec0-4468-8722-dd7b09ea0267,ISLAMIC_DAY,First Fast,2026-02-19,2026-02-19,2026-02-20,INFORMATION,TRUE,,,,,,
ACEVT-7d16e12b-7784-4761-a5d8-e6b01708e39a,ISLAMIC_DAY,Eid-ul-Fitr,2026-03-21,2026-03-21,2026-03-20,INFORMATION,TRUE,,,,,,
ACEVT-f76cb73a-8ee2-423d-9efd-467106ef0d36,ISLAMIC_DAY,Eid-ul-Adha,2026-05-28,2026-05-28,2026-05-29,INFORMATION,TRUE,,,,,,
ACEVT-638f0223-a13b-468c-b228-bd71cb82d01d,ISLAMIC_DAY,New Islamic Year,2026-06-17,2026-06-17,2026-06-18,INFORMATION,TRUE,,,,,,
ACEVT-e6c3b3a2-e014-44c3-a555-67310872c6d4,ISLAMIC_DAY,‘Aashuraa,2026-06-26,2026-06-26,2026-06-27,INFORMATION,TRUE,,,,,,
ACEVT-0889a95f-b264-4f8c-a698-4fc8992f16f9,ISLAMIC_DAY,Laylatul-Bara'ah (Eve),2027-01-23,2027-01-23,2027-01-22,INFORMATION,TRUE,,,,,,
ACEVT-98571cf1-51a6-4b05-8195-475af71314dd,ISLAMIC_DAY,First Taraweeh,2027-02-08,2027-02-08,2027-02-07,INFORMATION,TRUE,,,,,,
ACEVT-8ed2aaa3-e9b5-417d-b086-84dea34c5d52,ISLAMIC_DAY,First Fast,2027-02-09,2027-02-09,2027-02-08,INFORMATION,TRUE,,,,,,
ACEVT-43a9011a-4567-4f7b-869c-cf0818bc9697,ISLAMIC_DAY,Eid-ul-Fitr,2027-03-10,2027-03-10,2027-03-11,INFORMATION,TRUE,,,,,,
ACEVT-ea971157-8a99-4417-92b1-6e2672a71c95,ISLAMIC_DAY,Eid-ul-Adha,2027-05-17,2027-05-17,2027-05-18,INFORMATION,TRUE,,,,,,
ACEVT-7838a922-c8d8-4bac-9676-774bf364cac5,ISLAMIC_DAY,New Islamic Year,2027-06-07,2027-06-07,2027-06-06,INFORMATION,TRUE,,,,,,
ACEVT-fb96ce75-6fe5-4d66-911f-7e1264446a96,ISLAMIC_DAY,‘Aashuraa,2027-06-16,2027-06-16,2027-06-17,INFORMATION,TRUE,,,,,,
ACEVT-7f3e4bd3-3572-494b-851f-705cefa05c57,ISLAMIC_DAY,Laylatul-Bara'ah (Eve),2028-01-12,2028-01-12,2028-01-11,INFORMATION,TRUE,,,,,,
ACEVT-11b79c59-df8c-4bae-bbe5-39e53cfdccf7,ISLAMIC_DAY,First Taraweeh,2028-01-28,2028-01-28,2028-01-27,INFORMATION,TRUE,,,,,,
ACEVT-a60c431e-3258-47c9-b1aa-3a6862612ff6,ISLAMIC_DAY,First Fast,2028-01-29,2028-01-29,2028-01-28,INFORMATION,TRUE,,,,,,
ACEVT-f256afa7-3cc7-4393-b8cf-c49d11afac74,ISLAMIC_DAY,Eid-ul-Fitr,2028-02-28,2028-02-28,2028-02-27,INFORMATION,TRUE,,,,,,
ACEVT-fab2c35c-c4b3-4a19-b6d5-57ef5fae3a4b,ISLAMIC_DAY,Eid-ul-Adha,2028-05-06,2028-05-06,2028-05-07,INFORMATION,TRUE,,,,,,
ACEVT-baf839d6-f1e2-49c7-80e1-844c1bd3eb45,ISLAMIC_DAY,New Islamic Year,2028-05-26,2028-05-26,2028-05-27,INFORMATION,TRUE,,,,,,
ACEVT-58498e76-ad0f-4992-b704-ec904c5e7041,ISLAMIC_DAY,‘Aashuraa,2028-06-04,2028-06-04,2028-06-05,INFORMATION,TRUE,,,,,,
ACEVT-ff59c1c4-e2af-48b8-87f3-7ceac41cb00a,ISLAMIC_DAY,First Taraweeh,2029-01-16,2029-01-16,2029-01-15,INFORMATION,TRUE,,,,,,
ACEVT-f1132239-d8c9-4019-925b-d06ff7ba119f,ISLAMIC_DAY,First Fast,2029-01-17,2029-01-17,2029-01-16,INFORMATION,TRUE,,,,,,
ACEVT-d6334816-f6f4-4694-92e9-7cacb1ca8595,ISLAMIC_DAY,Eid-ul-Fitr,2029-02-16,2029-02-16,2029-02-15,INFORMATION,TRUE,,,,,,
ACEVT-8efe638f-7b22-4c3f-a171-dd30332d077a,ISLAMIC_DAY,Eid-ul-Adha,2029-04-25,2029-04-25,2029-04-26,INFORMATION,TRUE,,,,,,
ACEVT-b03e1376-fa03-4a2a-ad3c-28ed704aad41,ISLAMIC_DAY,New Islamic Year,2029-05-16,2029-05-16,2029-05-15,INFORMATION,TRUE,,,,,,
ACEVT-4589ecdc-dd5a-40e5-b773-72eaae964560,ISLAMIC_DAY,‘Aashuraa,2029-05-25,2029-05-25,2029-05-24,INFORMATION,TRUE,,,,,,
ACEVT-ed8c9421-d7fe-4238-9998-1f7278805faa,ISLAMIC_DAY,Laylatul-Bara'ah (Eve),2029-12-20,2029-12-20,2029-12-21,INFORMATION,TRUE,,,,,,
ACEVT-daa3da6a-dd3b-4caa-9b50-29b1d24d5c39,ISLAMIC_DAY,First Taraweeh,2030-01-05,2030-01-05,2030-01-04,INFORMATION,TRUE,,,,,,
ACEVT-29f12ebb-f210-430b-8994-11b08af2743d,ISLAMIC_DAY,First Fast,2030-01-06,2030-01-06,2030-01-05,INFORMATION,TRUE,,,,,,
ACEVT-3672a022-acea-4027-81c5-0e1d322cc8f0,ISLAMIC_DAY,Eid-ul-Fitr,2030-02-05,2030-02-05,2030-02-04,INFORMATION,TRUE,,,,,,
ACEVT-51469bf7-09fd-4cae-a1c6-fde103cf80c8,ISLAMIC_DAY,Eid-ul-Adha,2030-04-14,2030-04-14,2030-04-15,INFORMATION,TRUE,,,,,,
ACEVT-7c175f88-5861-4622-abd2-d688e4bbf51c,ISLAMIC_DAY,New Islamic Year,2030-05-05,2030-05-05,2030-05-04,INFORMATION,TRUE,,,,,,
ACEVT-8cf2981f-3050-4e0e-8a60-2353ef579d9b,ISLAMIC_DAY,‘Aashuraa,2030-05-14,2030-05-14,2030-05-14,INFORMATION,TRUE,,,,,,
ACEVT-50e8d549-a1ec-4a73-add1-5660211a79f9,ISLAMIC_DAY,Laylatul-Bara'ah (Eve),2030-12-10,2030-12-10,2030-12-09,INFORMATION,TRUE,,,,,,
